{
    "cards": [
        {
            "id": 1,
            "elo": 1288.3842360911901
        },
        {
            "id": 2,
            "elo": 1084.818892967997
        },
        {
            "id": 3,
            "elo": 813.3984354704064
        },
        {
            "id": 4,
            "elo": 813.3984354704064
        }
    ]
}